photo_id	photo_url	photo_image_url	photo_submitted_at
4a8b01ba	https://unsplash.com/photos/4a8b01ba	https://picsum.photos/1080/1080	2023-01-01 00:00:00
e7f95c37	https://unsplash.com/photos/e7f95c37	https://picsum.photos/1080/1080	2023-01-01 00:00:00
90363f07	https://unsplash.com/photos/90363f07	https://picsum.photos/1080/1080	2023-01-01 00:00:00
65c15ac5	https://unsplash.com/photos/65c15ac5	https://picsum.photos/1080/1080	2023-01-01 00:00:00
8a10a46c	https://unsplash.com/photos/8a10a46c	https://picsum.photos/1080/1080	2023-01-01 00:00:00
05441136	https://unsplash.com/photos/05441136	https://picsum.photos/1080/1080	2023-01-01 00:00:00
2f8df10d	https://unsplash.com/photos/2f8df10d	https://picsum.photos/1080/1080	2023-01-01 00:00:00
e930980a	https://unsplash.com/photos/e930980a	https://picsum.photos/1080/1080	2023-01-01 00:00:00
cef2539c	https://unsplash.com/photos/cef2539c	https://picsum.photos/1080/1080	2023-01-01 00:00:00
2d78ccce	https://unsplash.com/photos/2d78ccce	https://picsum.photos/1080/1080	2023-01-01 00:00:00
f0a10aa8	https://unsplash.com/photos/f0a10aa8	https://picsum.photos/1080/1080	2023-01-01 00:00:00
3fd3bc79	https://unsplash.com/photos/3fd3bc79	https://picsum.photos/1080/1080	2023-01-01 00:00:00
b5094306	https://unsplash.com/photos/b5094306	https://picsum.photos/1080/1080	2023-01-01 00:00:00
b6000d4a	https://unsplash.com/photos/b6000d4a	https://picsum.photos/1080/1080	2023-01-01 00:00:00
8dc0bda1	https://unsplash.com/photos/8dc0bda1	https://picsum.photos/1080/1080	2023-01-01 00:00:00
d696fc94	https://unsplash.com/photos/d696fc94	https://picsum.photos/1080/1080	2023-01-01 00:00:00
f04a1151	https://unsplash.com/photos/f04a1151	https://picsum.photos/1080/1080	2023-01-01 00:00:00
cb33080a	https://unsplash.com/photos/cb33080a	https://picsum.photos/1080/1080	2023-01-01 00:00:00
e75059a3	https://unsplash.com/photos/e75059a3	https://picsum.photos/1080/1080	2023-01-01 00:00:00
486d56cc	https://unsplash.com/photos/486d56cc	https://picsum.photos/1080/1080	2023-01-01 00:00:00
b5d0d9f7	https://unsplash.com/photos/b5d0d9f7	https://picsum.photos/1080/1080	2023-01-01 00:00:00
c5141fc0	https://unsplash.com/photos/c5141fc0	https://picsum.photos/1080/1080	2023-01-01 00:00:00
2f99a28a	https://unsplash.com/photos/2f99a28a	https://picsum.photos/1080/1080	2023-01-01 00:00:00
1b1beb62	https://unsplash.com/photos/1b1beb62	https://picsum.photos/1080/1080	2023-01-01 00:00:00
be9bed91	https://unsplash.com/photos/be9bed91	https://picsum.photos/1080/1080	2023-01-01 00:00:00
9c8e4d7e	https://unsplash.com/photos/9c8e4d7e	https://picsum.photos/1080/1080	2023-01-01 00:00:00
e5d37ddb	https://unsplash.com/photos/e5d37ddb	https://picsum.photos/1080/1080	2023-01-01 00:00:00
a5137aae	https://unsplash.com/photos/a5137aae	https://picsum.photos/1080/1080	2023-01-01 00:00:00
fe524fc3	https://unsplash.com/photos/fe524fc3	https://picsum.photos/1080/1080	2023-01-01 00:00:00
eb24277c	https://unsplash.com/photos/eb24277c	https://picsum.photos/1080/1080	2023-01-01 00:00:00
e27c4aca	https://unsplash.com/photos/e27c4aca	https://picsum.photos/1080/1080	2023-01-01 00:00:00
54118b5f	https://unsplash.com/photos/54118b5f	https://picsum.photos/1080/1080	2023-01-01 00:00:00
f2cbc210	https://unsplash.com/photos/f2cbc210	https://picsum.photos/1080/1080	2023-01-01 00:00:00
9d36ee73	https://unsplash.com/photos/9d36ee73	https://picsum.photos/1080/1080	2023-01-01 00:00:00
f743533c	https://unsplash.com/photos/f743533c	https://picsum.photos/1080/1080	2023-01-01 00:00:00
1e2b26a0	https://unsplash.com/photos/1e2b26a0	https://picsum.photos/1080/1080	2023-01-01 00:00:00
33697cfd	https://unsplash.com/photos/33697cfd	https://picsum.photos/1080/1080	2023-01-01 00:00:00
1e02ef69	https://unsplash.com/photos/1e02ef69	https://picsum.photos/1080/1080	2023-01-01 00:00:00
55ccc1eb	https://unsplash.com/photos/55ccc1eb	https://picsum.photos/1080/1080	2023-01-01 00:00:00
8691385a	https://unsplash.com/photos/8691385a	https://picsum.photos/1080/1080	2023-01-01 00:00:00
39b377f9	https://unsplash.com/photos/39b377f9	https://picsum.photos/1080/1080	2023-01-01 00:00:00
1eae371d	https://unsplash.com/photos/1eae371d	https://picsum.photos/1080/1080	2023-01-01 00:00:00
0ddb2013	https://unsplash.com/photos/0ddb2013	https://picsum.photos/1080/1080	2023-01-01 00:00:00
923b2a5c	https://unsplash.com/photos/923b2a5c	https://picsum.photos/1080/1080	2023-01-01 00:00:00
2a68e16f	https://unsplash.com/photos/2a68e16f	https://picsum.photos/1080/1080	2023-01-01 00:00:00
70ac0fe3	https://unsplash.com/photos/70ac0fe3	https://picsum.photos/1080/1080	2023-01-01 00:00:00
96d2c8d1	https://unsplash.com/photos/96d2c8d1	https://picsum.photos/1080/1080	2023-01-01 00:00:00
b673dc4b	https://unsplash.com/photos/b673dc4b	https://picsum.photos/1080/1080	2023-01-01 00:00:00
828e07c7	https://unsplash.com/photos/828e07c7	https://picsum.photos/1080/1080	2023-01-01 00:00:00
f15aa8d4	https://unsplash.com/photos/f15aa8d4	https://picsum.photos/1080/1080	2023-01-01 00:00:00
5c58a54d	https://unsplash.com/photos/5c58a54d	https://picsum.photos/1080/1080	2023-01-01 00:00:00
ba6ab075	https://unsplash.com/photos/ba6ab075	https://picsum.photos/1080/1080	2023-01-01 00:00:00
decad9d1	https://unsplash.com/photos/decad9d1	https://picsum.photos/1080/1080	2023-01-01 00:00:00
bfe9532f	https://unsplash.com/photos/bfe9532f	https://picsum.photos/1080/1080	2023-01-01 00:00:00
48b0d018	https://unsplash.com/photos/48b0d018	https://picsum.photos/1080/1080	2023-01-01 00:00:00
5d9acaf7	https://unsplash.com/photos/5d9acaf7	https://picsum.photos/1080/1080	2023-01-01 00:00:00
8583d98b	https://unsplash.com/photos/8583d98b	https://picsum.photos/1080/1080	2023-01-01 00:00:00
1c99252c	https://unsplash.com/photos/1c99252c	https://picsum.photos/1080/1080	2023-01-01 00:00:00
58d13852	https://unsplash.com/photos/58d13852	https://picsum.photos/1080/1080	2023-01-01 00:00:00
52dd7748	https://unsplash.com/photos/52dd7748	https://picsum.photos/1080/1080	2023-01-01 00:00:00
f4e62a17	https://unsplash.com/photos/f4e62a17	https://picsum.photos/1080/1080	2023-01-01 00:00:00
4fc0b4e6	https://unsplash.com/photos/4fc0b4e6	https://picsum.photos/1080/1080	2023-01-01 00:00:00
126d6776	https://unsplash.com/photos/126d6776	https://picsum.photos/1080/1080	2023-01-01 00:00:00
f023fce7	https://unsplash.com/photos/f023fce7	https://picsum.photos/1080/1080	2023-01-01 00:00:00
5eab7a24	https://unsplash.com/photos/5eab7a24	https://picsum.photos/1080/1080	2023-01-01 00:00:00
2f81009b	https://unsplash.com/photos/2f81009b	https://picsum.photos/1080/1080	2023-01-01 00:00:00
e99e4f8f	https://unsplash.com/photos/e99e4f8f	https://picsum.photos/1080/1080	2023-01-01 00:00:00
bf15cff4	https://unsplash.com/photos/bf15cff4	https://picsum.photos/1080/1080	2023-01-01 00:00:00
3c3c929d	https://unsplash.com/photos/3c3c929d	https://picsum.photos/1080/1080	2023-01-01 00:00:00
8a7e8fe8	https://unsplash.com/photos/8a7e8fe8	https://picsum.photos/1080/1080	2023-01-01 00:00:00
80e659bc	https://unsplash.com/photos/80e659bc	https://picsum.photos/1080/1080	2023-01-01 00:00:00
f1ecdadb	https://unsplash.com/photos/f1ecdadb	https://picsum.photos/1080/1080	2023-01-01 00:00:00
93782959	https://unsplash.com/photos/93782959	https://picsum.photos/1080/1080	2023-01-01 00:00:00
689a0565	https://unsplash.com/photos/689a0565	https://picsum.photos/1080/1080	2023-01-01 00:00:00
372f8886	https://unsplash.com/photos/372f8886	https://picsum.photos/1080/1080	2023-01-01 00:00:00
5b8cfe61	https://unsplash.com/photos/5b8cfe61	https://picsum.photos/1080/1080	2023-01-01 00:00:00
9923f0d9	https://unsplash.com/photos/9923f0d9	https://picsum.photos/1080/1080	2023-01-01 00:00:00
4d52d1bb	https://unsplash.com/photos/4d52d1bb	https://picsum.photos/1080/1080	2023-01-01 00:00:00
2cd9ad1a	https://unsplash.com/photos/2cd9ad1a	https://picsum.photos/1080/1080	2023-01-01 00:00:00
4223bc54	https://unsplash.com/photos/4223bc54	https://picsum.photos/1080/1080	2023-01-01 00:00:00
a81f8ea5	https://unsplash.com/photos/a81f8ea5	https://picsum.photos/1080/1080	2023-01-01 00:00:00
adaab74b	https://unsplash.com/photos/adaab74b	https://picsum.photos/1080/1080	2023-01-01 00:00:00
e5599e6d	https://unsplash.com/photos/e5599e6d	https://picsum.photos/1080/1080	2023-01-01 00:00:00
9e21cbbe	https://unsplash.com/photos/9e21cbbe	https://picsum.photos/1080/1080	2023-01-01 00:00:00
438d668d	https://unsplash.com/photos/438d668d	https://picsum.photos/1080/1080	2023-01-01 00:00:00
5a654b31	https://unsplash.com/photos/5a654b31	https://picsum.photos/1080/1080	2023-01-01 00:00:00
3e24d3ed	https://unsplash.com/photos/3e24d3ed	https://picsum.photos/1080/1080	2023-01-01 00:00:00
bd1755d2	https://unsplash.com/photos/bd1755d2	https://picsum.photos/1080/1080	2023-01-01 00:00:00
1c8f4238	https://unsplash.com/photos/1c8f4238	https://picsum.photos/1080/1080	2023-01-01 00:00:00
68ef104a	https://unsplash.com/photos/68ef104a	https://picsum.photos/1080/1080	2023-01-01 00:00:00
2b5a1258	https://unsplash.com/photos/2b5a1258	https://picsum.photos/1080/1080	2023-01-01 00:00:00
671e36c5	https://unsplash.com/photos/671e36c5	https://picsum.photos/1080/1080	2023-01-01 00:00:00
0ab53fa5	https://unsplash.com/photos/0ab53fa5	https://picsum.photos/1080/1080	2023-01-01 00:00:00
cf4b18a3	https://unsplash.com/photos/cf4b18a3	https://picsum.photos/1080/1080	2023-01-01 00:00:00
320626ba	https://unsplash.com/photos/320626ba	https://picsum.photos/1080/1080	2023-01-01 00:00:00
a81928ff	https://unsplash.com/photos/a81928ff	https://picsum.photos/1080/1080	2023-01-01 00:00:00
2e7b7629	https://unsplash.com/photos/2e7b7629	https://picsum.photos/1080/1080	2023-01-01 00:00:00
70f0d035	https://unsplash.com/photos/70f0d035	https://picsum.photos/1080/1080	2023-01-01 00:00:00
0aaf0e43	https://unsplash.com/photos/0aaf0e43	https://picsum.photos/1080/1080	2023-01-01 00:00:00
589b6af2	https://unsplash.com/photos/589b6af2	https://picsum.photos/1080/1080	2023-01-01 00:00:00
8ef5e12c	https://unsplash.com/photos/8ef5e12c	https://picsum.photos/1080/1080	2023-01-01 00:00:00
cd951b1a	https://unsplash.com/photos/cd951b1a	https://picsum.photos/1080/1080	2023-01-01 00:00:00
c4768c1b	https://unsplash.com/photos/c4768c1b	https://picsum.photos/1080/1080	2023-01-01 00:00:00
845447df	https://unsplash.com/photos/845447df	https://picsum.photos/1080/1080	2023-01-01 00:00:00
bda14c8c	https://unsplash.com/photos/bda14c8c	https://picsum.photos/1080/1080	2023-01-01 00:00:00
4d1de864	https://unsplash.com/photos/4d1de864	https://picsum.photos/1080/1080	2023-01-01 00:00:00
0f733444	https://unsplash.com/photos/0f733444	https://picsum.photos/1080/1080	2023-01-01 00:00:00
dace28e7	https://unsplash.com/photos/dace28e7	https://picsum.photos/1080/1080	2023-01-01 00:00:00
765c4cc1	https://unsplash.com/photos/765c4cc1	https://picsum.photos/1080/1080	2023-01-01 00:00:00
c5dd09b3	https://unsplash.com/photos/c5dd09b3	https://picsum.photos/1080/1080	2023-01-01 00:00:00
0574eb10	https://unsplash.com/photos/0574eb10	https://picsum.photos/1080/1080	2023-01-01 00:00:00
61904035	https://unsplash.com/photos/61904035	https://picsum.photos/1080/1080	2023-01-01 00:00:00
ddc54bd2	https://unsplash.com/photos/ddc54bd2	https://picsum.photos/1080/1080	2023-01-01 00:00:00
1bf99778	https://unsplash.com/photos/1bf99778	https://picsum.photos/1080/1080	2023-01-01 00:00:00
3379c5b2	https://unsplash.com/photos/3379c5b2	https://picsum.photos/1080/1080	2023-01-01 00:00:00
6868ee82	https://unsplash.com/photos/6868ee82	https://picsum.photos/1080/1080	2023-01-01 00:00:00
caae86c0	https://unsplash.com/photos/caae86c0	https://picsum.photos/1080/1080	2023-01-01 00:00:00
c851e735	https://unsplash.com/photos/c851e735	https://picsum.photos/1080/1080	2023-01-01 00:00:00
66913efd	https://unsplash.com/photos/66913efd	https://picsum.photos/1080/1080	2023-01-01 00:00:00
57dec193	https://unsplash.com/photos/57dec193	https://picsum.photos/1080/1080	2023-01-01 00:00:00
76936592	https://unsplash.com/photos/76936592	https://picsum.photos/1080/1080	2023-01-01 00:00:00
ef3796b3	https://unsplash.com/photos/ef3796b3	https://picsum.photos/1080/1080	2023-01-01 00:00:00
b0d35cb4	https://unsplash.com/photos/b0d35cb4	https://picsum.photos/1080/1080	2023-01-01 00:00:00
81275077	https://unsplash.com/photos/81275077	https://picsum.photos/1080/1080	2023-01-01 00:00:00
ce8e2b3f	https://unsplash.com/photos/ce8e2b3f	https://picsum.photos/1080/1080	2023-01-01 00:00:00
d1c6a56e	https://unsplash.com/photos/d1c6a56e	https://picsum.photos/1080/1080	2023-01-01 00:00:00
69339774	https://unsplash.com/photos/69339774	https://picsum.photos/1080/1080	2023-01-01 00:00:00
143936bd	https://unsplash.com/photos/143936bd	https://picsum.photos/1080/1080	2023-01-01 00:00:00
b8aba76c	https://unsplash.com/photos/b8aba76c	https://picsum.photos/1080/1080	2023-01-01 00:00:00
a7eb8b4c	https://unsplash.com/photos/a7eb8b4c	https://picsum.photos/1080/1080	2023-01-01 00:00:00
712ba4d2	https://unsplash.com/photos/712ba4d2	https://picsum.photos/1080/1080	2023-01-01 00:00:00
f5bcf776	https://unsplash.com/photos/f5bcf776	https://picsum.photos/1080/1080	2023-01-01 00:00:00
f2f0c792	https://unsplash.com/photos/f2f0c792	https://picsum.photos/1080/1080	2023-01-01 00:00:00
415f263e	https://unsplash.com/photos/415f263e	https://picsum.photos/1080/1080	2023-01-01 00:00:00
366cd1e7	https://unsplash.com/photos/366cd1e7	https://picsum.photos/1080/1080	2023-01-01 00:00:00
e583f04c	https://unsplash.com/photos/e583f04c	https://picsum.photos/1080/1080	2023-01-01 00:00:00
91043732	https://unsplash.com/photos/91043732	https://picsum.photos/1080/1080	2023-01-01 00:00:00
021c712a	https://unsplash.com/photos/021c712a	https://picsum.photos/1080/1080	2023-01-01 00:00:00
fc6e5835	https://unsplash.com/photos/fc6e5835	https://picsum.photos/1080/1080	2023-01-01 00:00:00
028b2163	https://unsplash.com/photos/028b2163	https://picsum.photos/1080/1080	2023-01-01 00:00:00
2e1b06b2	https://unsplash.com/photos/2e1b06b2	https://picsum.photos/1080/1080	2023-01-01 00:00:00
7ae7e563	https://unsplash.com/photos/7ae7e563	https://picsum.photos/1080/1080	2023-01-01 00:00:00
9b55e216	https://unsplash.com/photos/9b55e216	https://picsum.photos/1080/1080	2023-01-01 00:00:00
f517dc4e	https://unsplash.com/photos/f517dc4e	https://picsum.photos/1080/1080	2023-01-01 00:00:00
c3c97fba	https://unsplash.com/photos/c3c97fba	https://picsum.photos/1080/1080	2023-01-01 00:00:00
3d47542f	https://unsplash.com/photos/3d47542f	https://picsum.photos/1080/1080	2023-01-01 00:00:00
5256046c	https://unsplash.com/photos/5256046c	https://picsum.photos/1080/1080	2023-01-01 00:00:00
6e6d8def	https://unsplash.com/photos/6e6d8def	https://picsum.photos/1080/1080	2023-01-01 00:00:00
815129fc	https://unsplash.com/photos/815129fc	https://picsum.photos/1080/1080	2023-01-01 00:00:00
dd773902	https://unsplash.com/photos/dd773902	https://picsum.photos/1080/1080	2023-01-01 00:00:00
26bf845b	https://unsplash.com/photos/26bf845b	https://picsum.photos/1080/1080	2023-01-01 00:00:00
6b4d136a	https://unsplash.com/photos/6b4d136a	https://picsum.photos/1080/1080	2023-01-01 00:00:00
2c673094	https://unsplash.com/photos/2c673094	https://picsum.photos/1080/1080	2023-01-01 00:00:00
19d944cd	https://unsplash.com/photos/19d944cd	https://picsum.photos/1080/1080	2023-01-01 00:00:00
8ee6f963	https://unsplash.com/photos/8ee6f963	https://picsum.photos/1080/1080	2023-01-01 00:00:00
5c76039e	https://unsplash.com/photos/5c76039e	https://picsum.photos/1080/1080	2023-01-01 00:00:00
5455192f	https://unsplash.com/photos/5455192f	https://picsum.photos/1080/1080	2023-01-01 00:00:00
ad78d673	https://unsplash.com/photos/ad78d673	https://picsum.photos/1080/1080	2023-01-01 00:00:00
ecdc576e	https://unsplash.com/photos/ecdc576e	https://picsum.photos/1080/1080	2023-01-01 00:00:00
95c594f8	https://unsplash.com/photos/95c594f8	https://picsum.photos/1080/1080	2023-01-01 00:00:00
418c2586	https://unsplash.com/photos/418c2586	https://picsum.photos/1080/1080	2023-01-01 00:00:00
8dc8faf6	https://unsplash.com/photos/8dc8faf6	https://picsum.photos/1080/1080	2023-01-01 00:00:00
e2d1dd0e	https://unsplash.com/photos/e2d1dd0e	https://picsum.photos/1080/1080	2023-01-01 00:00:00
f2c60f9f	https://unsplash.com/photos/f2c60f9f	https://picsum.photos/1080/1080	2023-01-01 00:00:00
28b9ea41	https://unsplash.com/photos/28b9ea41	https://picsum.photos/1080/1080	2023-01-01 00:00:00
b3cf243e	https://unsplash.com/photos/b3cf243e	https://picsum.photos/1080/1080	2023-01-01 00:00:00
d92e850a	https://unsplash.com/photos/d92e850a	https://picsum.photos/1080/1080	2023-01-01 00:00:00
517c9f87	https://unsplash.com/photos/517c9f87	https://picsum.photos/1080/1080	2023-01-01 00:00:00
5d924540	https://unsplash.com/photos/5d924540	https://picsum.photos/1080/1080	2023-01-01 00:00:00
e341743e	https://unsplash.com/photos/e341743e	https://picsum.photos/1080/1080	2023-01-01 00:00:00
b0e233f1	https://unsplash.com/photos/b0e233f1	https://picsum.photos/1080/1080	2023-01-01 00:00:00
1b31efff	https://unsplash.com/photos/1b31efff	https://picsum.photos/1080/1080	2023-01-01 00:00:00
4e855c5f	https://unsplash.com/photos/4e855c5f	https://picsum.photos/1080/1080	2023-01-01 00:00:00
1f90fff4	https://unsplash.com/photos/1f90fff4	https://picsum.photos/1080/1080	2023-01-01 00:00:00
9abed5d4	https://unsplash.com/photos/9abed5d4	https://picsum.photos/1080/1080	2023-01-01 00:00:00
1e7c947b	https://unsplash.com/photos/1e7c947b	https://picsum.photos/1080/1080	2023-01-01 00:00:00
03545cb3	https://unsplash.com/photos/03545cb3	https://picsum.photos/1080/1080	2023-01-01 00:00:00
de96d92e	https://unsplash.com/photos/de96d92e	https://picsum.photos/1080/1080	2023-01-01 00:00:00
33a315ec	https://unsplash.com/photos/33a315ec	https://picsum.photos/1080/1080	2023-01-01 00:00:00
fa26cccc	https://unsplash.com/photos/fa26cccc	https://picsum.photos/1080/1080	2023-01-01 00:00:00
4da452f5	https://unsplash.com/photos/4da452f5	https://picsum.photos/1080/1080	2023-01-01 00:00:00
7a9e0faf	https://unsplash.com/photos/7a9e0faf	https://picsum.photos/1080/1080	2023-01-01 00:00:00
08b9a417	https://unsplash.com/photos/08b9a417	https://picsum.photos/1080/1080	2023-01-01 00:00:00
602fd364	https://unsplash.com/photos/602fd364	https://picsum.photos/1080/1080	2023-01-01 00:00:00
787d3d2a	https://unsplash.com/photos/787d3d2a	https://picsum.photos/1080/1080	2023-01-01 00:00:00
63ba2a2d	https://unsplash.com/photos/63ba2a2d	https://picsum.photos/1080/1080	2023-01-01 00:00:00
60cff59f	https://unsplash.com/photos/60cff59f	https://picsum.photos/1080/1080	2023-01-01 00:00:00
3c2d483e	https://unsplash.com/photos/3c2d483e	https://picsum.photos/1080/1080	2023-01-01 00:00:00
cee5b626	https://unsplash.com/photos/cee5b626	https://picsum.photos/1080/1080	2023-01-01 00:00:00
b79d189e	https://unsplash.com/photos/b79d189e	https://picsum.photos/1080/1080	2023-01-01 00:00:00
ba066773	https://unsplash.com/photos/ba066773	https://picsum.photos/1080/1080	2023-01-01 00:00:00
0a7b757e	https://unsplash.com/photos/0a7b757e	https://picsum.photos/1080/1080	2023-01-01 00:00:00
8e3d7f1b	https://unsplash.com/photos/8e3d7f1b	https://picsum.photos/1080/1080	2023-01-01 00:00:00
928b1123	https://unsplash.com/photos/928b1123	https://picsum.photos/1080/1080	2023-01-01 00:00:00
6b43334a	https://unsplash.com/photos/6b43334a	https://picsum.photos/1080/1080	2023-01-01 00:00:00
649a72fd	https://unsplash.com/photos/649a72fd	https://picsum.photos/1080/1080	2023-01-01 00:00:00
e90be135	https://unsplash.com/photos/e90be135	https://picsum.photos/1080/1080	2023-01-01 00:00:00
b4c4f861	https://unsplash.com/photos/b4c4f861	https://picsum.photos/1080/1080	2023-01-01 00:00:00
530638a3	https://unsplash.com/photos/530638a3	https://picsum.photos/1080/1080	2023-01-01 00:00:00
a890db6b	https://unsplash.com/photos/a890db6b	https://picsum.photos/1080/1080	2023-01-01 00:00:00
